,state,category_id
0,Acapulco,95
1,Acapulco,102
2,Acapulco,104
3,Acapulco,160
5,Aguascalientes,94
13,Aguascalientes,102
20,Aguascalientes,109
21,Aguascalientes,110
23,Aguascalientes,112
24,Aguascalientes,113
31,Aguascalientes,120
33,Aguascalientes,122
35,Aguascalientes,125
38,Aguascalientes,128
39,Aguascalientes,129
43,Aguascalientes,133
44,Aguascalientes,134
45,Aguascalientes,135
46,Aguascalientes,136
47,Aguascalientes,137
48,Aguascalientes,138
49,Aguascalientes,139
50,Aguascalientes,140
51,Aguascalientes,141
52,Aguascalientes,142
53,Aguascalientes,143
54,Aguascalientes,144
55,Aguascalientes,145
56,Aguascalientes,147
57,Aguascalientes,148
58,Aguascalientes,149
59,Aguascalientes,150
60,Aguascalientes,151
61,Aguascalientes,152
62,Aguascalientes,153
63,Aguascalientes,154
64,Aguascalientes,155
65,Aguascalientes,156
66,Aguascalientes,157
70,Aguascalientes,163
71,Aguascalientes,164
75,Aguascalientes,172
76,Aguascalientes,173
77,Aguascalientes,174
78,Aguascalientes,175
87,Aguascalientes,186
88,Aguascalientes,192
89,Aguascalientes,193
91,Aguascalientes,195
92,Aguascalientes,197
93,Aguascalientes,198
94,Aguascalientes,199
95,Aguascalientes,202
97,Aguascalientes,204
98,Aguascalientes,205
101,Aguascalientes,213
103,Aguascalientes,215
104,Aguascalientes,216
106,Aguascalientes,218
109,Aguascalientes,222
110,Aguascalientes,224
111,Aguascalientes,225
112,Aguascalientes,226
113,Aguascalientes,227
116,Aguascalientes,231
118,Aguascalientes,235
119,Aguascalientes,238
120,Aguascalientes,249
121,Aguascalientes,250
122,Aguascalientes,253
125,Aguascalientes,258
126,Aguascalientes,259
130,Aguascalientes,264
131,Aguascalientes,265
132,Aguascalientes,266
133,Aguascalientes,267
134,Aguascalientes,268
135,Aguascalientes,271
136,Aguascalientes,276
137,Aguascalientes,280
138,Aguascalientes,283
139,Aguascalientes,284
140,Aguascalientes,285
141,Aguascalientes,286
142,Aguascalientes,287
143,Aguascalientes,289
144,Aguascalientes,290
155,Baja California,102
170,Baja California,117
173,Baja California,120
176,Baja California,123
177,Baja California,124
178,Baja California,125
187,Baja California,134
188,Baja California,135
189,Baja California,136
190,Baja California,137
191,Baja California,138
192,Baja California,139
193,Baja California,140
194,Baja California,141
195,Baja California,142
196,Baja California,143
197,Baja California,144
198,Baja California,145
199,Baja California,147
200,Baja California,148
201,Baja California,149
208,Baja California,156
209,Baja California,157
210,Baja California,159
212,Baja California,163
218,Baja California,173
219,Baja California,174
220,Baja California,175
221,Baja California,176
229,Baja California,184
230,Baja California,185
231,Baja California,186
232,Baja California,187
233,Baja California,188
234,Baja California,191
235,Baja California,192
236,Baja California,193
237,Baja California,194
238,Baja California,195
239,Baja California,196
240,Baja California,197
241,Baja California,198
242,Baja California,199
243,Baja California,200
244,Baja California,201
245,Baja California,202
246,Baja California,203
251,Baja California,213
252,Baja California,214
253,Baja California,215
254,Baja California,216
258,Baja California,221
259,Baja California,222
260,Baja California,225
261,Baja California,226
263,Baja California,229
265,Baja California,231
267,Baja California,233
268,Baja California,234
269,Baja California,235
270,Baja California,236
271,Baja California,237
272,Baja California,238
273,Baja California,241
274,Baja California,245
275,Baja California,249
276,Baja California,250
277,Baja California,251
278,Baja California,252
279,Baja California,253
280,Baja California,254
281,Baja California,255
282,Baja California,256
283,Baja California,257
285,Baja California,259
289,Baja California,264
290,Baja California,265
291,Baja California,266
293,Baja California,268
294,Baja California,272
295,Baja California,275
297,Baja California,281
298,Baja California,283
299,Baja California,284
300,Baja California,285
301,Baja California,286
302,Baja California,287
303,Baja California,289
305,Baja California Sur,96
306,Baja California Sur,116
307,Baja California Sur,118
308,Baja California Sur,119
309,Baja California Sur,121
310,Baja California Sur,131
311,Baja California Sur,140
312,Baja California Sur,141
313,Baja California Sur,143
314,Baja California Sur,160
315,Baja California Sur,175
316,Baja California Sur,177
317,Baja California Sur,186
318,Baja California Sur,213
319,Baja California Sur,217
320,Baja California Sur,220
321,Baja California Sur,224
322,Baja California Sur,228
323,Baja California Sur,264
324,Baja California Sur,266
341,Campeche,143
344,Campeche,169
346,Campeche,172
347,Campeche,174
349,Campeche,182
351,Campeche,214
353,Campeche,232
357,Chiapas,93
358,Chiapas,94
359,Chiapas,95
362,Chiapas,98
363,Chiapas,99
364,Chiapas,100
366,Chiapas,102
367,Chiapas,103
368,Chiapas,104
369,Chiapas,105
370,Chiapas,106
371,Chiapas,107
372,Chiapas,108
373,Chiapas,109
374,Chiapas,110
375,Chiapas,111
376,Chiapas,112
377,Chiapas,114
378,Chiapas,115
379,Chiapas,117
380,Chiapas,118
381,Chiapas,119
382,Chiapas,120
383,Chiapas,121
384,Chiapas,122
385,Chiapas,123
392,Chiapas,142
393,Chiapas,144
394,Chiapas,145
395,Chiapas,148
396,Chiapas,149
397,Chiapas,150
398,Chiapas,151
399,Chiapas,152
400,Chiapas,153
401,Chiapas,154
402,Chiapas,155
403,Chiapas,159
406,Chiapas,169
407,Chiapas,171
408,Chiapas,172
409,Chiapas,174
410,Chiapas,175
411,Chiapas,176
412,Chiapas,178
413,Chiapas,179
414,Chiapas,180
415,Chiapas,181
416,Chiapas,182
417,Chiapas,184
418,Chiapas,202
419,Chiapas,204
420,Chiapas,205
421,Chiapas,206
422,Chiapas,211
423,Chiapas,217
424,Chiapas,218
425,Chiapas,230
426,Chiapas,231
427,Chiapas,232
428,Chiapas,235
429,Chiapas,246
430,Chiapas,250
431,Chiapas,254
432,Chiapas,256
433,Chiapas,258
440,Chihuahua,99
443,Chihuahua,102
447,Chihuahua,106
450,Chihuahua,109
451,Chihuahua,110
452,Chihuahua,111
453,Chihuahua,112
454,Chihuahua,113
456,Chihuahua,115
457,Chihuahua,116
458,Chihuahua,117
459,Chihuahua,118
460,Chihuahua,119
461,Chihuahua,120
462,Chihuahua,121
463,Chihuahua,122
464,Chihuahua,123
465,Chihuahua,125
466,Chihuahua,126
467,Chihuahua,127
468,Chihuahua,128
469,Chihuahua,129
470,Chihuahua,130
472,Chihuahua,132
473,Chihuahua,133
474,Chihuahua,134
475,Chihuahua,135
476,Chihuahua,136
477,Chihuahua,140
478,Chihuahua,141
479,Chihuahua,143
490,Chihuahua,156
491,Chihuahua,157
492,Chihuahua,159
494,Chihuahua,162
495,Chihuahua,163
496,Chihuahua,164
498,Chihuahua,169
500,Chihuahua,172
501,Chihuahua,173
502,Chihuahua,174
503,Chihuahua,175
504,Chihuahua,176
505,Chihuahua,177
506,Chihuahua,178
507,Chihuahua,179
510,Chihuahua,182
511,Chihuahua,183
512,Chihuahua,186
513,Chihuahua,192
514,Chihuahua,193
515,Chihuahua,194
516,Chihuahua,197
517,Chihuahua,198
518,Chihuahua,202
519,Chihuahua,203
522,Chihuahua,213
523,Chihuahua,214
524,Chihuahua,215
525,Chihuahua,216
526,Chihuahua,217
527,Chihuahua,218
528,Chihuahua,220
529,Chihuahua,222
530,Chihuahua,224
531,Chihuahua,225
532,Chihuahua,228
534,Chihuahua,231
536,Chihuahua,233
538,Chihuahua,249
539,Chihuahua,254
540,Chihuahua,256
541,Chihuahua,258
542,Chihuahua,259
546,Chihuahua,265
547,Chihuahua,266
549,Chihuahua,268
550,Chihuahua,271
551,Chihuahua,280
552,Chihuahua,283
553,Chihuahua,284
554,Chihuahua,285
555,Chihuahua,286
556,Chihuahua,287
585,Ciudad de México,120
590,Ciudad de México,125
599,Ciudad de México,134
600,Ciudad de México,135
601,Ciudad de México,136
602,Ciudad de México,137
603,Ciudad de México,138
604,Ciudad de México,139
609,Ciudad de México,144
610,Ciudad de México,145
611,Ciudad de México,147
612,Ciudad de México,148
648,Ciudad de México,190
649,Ciudad de México,191
650,Ciudad de México,192
655,Ciudad de México,197
657,Ciudad de México,199
658,Ciudad de México,200
659,Ciudad de México,201
660,Ciudad de México,202
669,Ciudad de México,216
673,Ciudad de México,221
674,Ciudad de México,222
675,Ciudad de México,223
676,Ciudad de México,224
677,Ciudad de México,225
678,Ciudad de México,226
682,Ciudad de México,231
684,Ciudad de México,233
685,Ciudad de México,234
687,Ciudad de México,236
689,Ciudad de México,238
690,Ciudad de México,239
691,Ciudad de México,240
693,Ciudad de México,245
695,Ciudad de México,247
696,Ciudad de México,248
698,Ciudad de México,250
700,Ciudad de México,252
701,Ciudad de México,253
704,Ciudad de México,256
716,Ciudad de México,268
717,Ciudad de México,270
718,Ciudad de México,271
719,Ciudad de México,273
720,Ciudad de México,274
721,Ciudad de México,275
722,Ciudad de México,276
724,Ciudad de México,280
725,Ciudad de México,281
726,Ciudad de México,283
727,Ciudad de México,284
728,Ciudad de México,285
729,Ciudad de México,286
731,Ciudad de México,288
754,Coahuila,113
765,Coahuila,124
766,Coahuila,125
773,Coahuila,133
774,Coahuila,134
775,Coahuila,135
776,Coahuila,136
777,Coahuila,137
778,Coahuila,138
779,Coahuila,139
784,Coahuila,144
787,Coahuila,149
788,Coahuila,150
789,Coahuila,151
790,Coahuila,152
791,Coahuila,153
792,Coahuila,154
793,Coahuila,155
794,Coahuila,156
795,Coahuila,157
798,Coahuila,162
799,Coahuila,163
800,Coahuila,164
808,Coahuila,176
809,Coahuila,177
816,Coahuila,186
817,Coahuila,187
818,Coahuila,188
819,Coahuila,189
820,Coahuila,190
821,Coahuila,191
822,Coahuila,192
823,Coahuila,193
824,Coahuila,194
825,Coahuila,195
826,Coahuila,196
827,Coahuila,197
828,Coahuila,198
829,Coahuila,199
830,Coahuila,200
831,Coahuila,202
832,Coahuila,203
833,Coahuila,204
834,Coahuila,205
835,Coahuila,206
837,Coahuila,213
840,Coahuila,216
841,Coahuila,217
843,Coahuila,220
844,Coahuila,221
845,Coahuila,222
846,Coahuila,224
848,Coahuila,229
851,Coahuila,233
859,Coahuila,247
860,Coahuila,249
861,Coahuila,251
863,Coahuila,254
866,Coahuila,258
872,Coahuila,265
875,Coahuila,278
876,Coahuila,279
877,Coahuila,280
878,Coahuila,283
879,Coahuila,284
880,Coahuila,285
881,Coahuila,286
883,Coahuila,288
884,Coahuila,289
885,Coahuila,290
887,Colima,93
888,Colima,94
889,Colima,95
890,Colima,96
891,Colima,97
892,Colima,98
893,Colima,100
894,Colima,101
895,Colima,102
896,Colima,103
897,Colima,104
898,Colima,105
899,Colima,106
900,Colima,107
901,Colima,108
902,Colima,110
903,Colima,114
904,Colima,122
905,Colima,123
912,Colima,140
913,Colima,141
914,Colima,145
915,Colima,147
916,Colima,148
917,Colima,150
918,Colima,153
919,Colima,155
920,Colima,160
921,Colima,165
922,Colima,171
923,Colima,172
924,Colima,179
925,Colima,180
926,Colima,181
927,Colima,182
928,Colima,183
929,Colima,211
930,Colima,230
931,Colima,232
932,Colima,235
933,Colima,260
934,Colima,262
935,Colima,263
936,Colima,287
937,Durango,93
938,Durango,94
939,Durango,95
941,Durango,97
942,Durango,98
943,Durango,99
944,Durango,100
945,Durango,101
946,Durango,102
947,Durango,103
949,Durango,105
950,Durango,106
951,Durango,107
952,Durango,108
953,Durango,111
954,Durango,115
955,Durango,116
956,Durango,117
957,Durango,118
958,Durango,119
959,Durango,121
960,Durango,122
962,Durango,143
963,Durango,145
964,Durango,153
965,Durango,156
966,Durango,157
967,Durango,159
969,Durango,163
970,Durango,164
971,Durango,165
972,Durango,171
973,Durango,172
974,Durango,175
975,Durango,177
976,Durango,178
978,Durango,180
979,Durango,181
980,Durango,182
981,Durango,183
982,Durango,187
983,Durango,190
984,Durango,192
985,Durango,198
986,Durango,202
987,Durango,211
988,Durango,214
989,Durango,215
990,Durango,216
991,Durango,217
992,Durango,218
993,Durango,220
994,Durango,221
995,Durango,222
996,Durango,224
997,Durango,228
998,Durango,229
999,Durango,230
1000,Durango,232
1001,Durango,235
1002,Durango,246
1003,Durango,251
1004,Durango,254
1005,Durango,255
1006,Durango,256
1007,Durango,257
1008,Durango,262
1010,Durango,264
1011,Durango,266
1012,Durango,267
1013,Durango,271
1014,Durango,277
1046,Edo.Mex,124
1047,Edo.Mex,125
1050,Edo.Mex,128
1055,Edo.Mex,133
1065,Edo.Mex,143
1077,Edo.Mex,156
1078,Edo.Mex,157
1082,Edo.Mex,163
1083,Edo.Mex,164
1100,Edo.Mex,185
1102,Edo.Mex,187
1103,Edo.Mex,188
1104,Edo.Mex,189
1105,Edo.Mex,190
1106,Edo.Mex,191
1107,Edo.Mex,192
1108,Edo.Mex,193
1109,Edo.Mex,194
1110,Edo.Mex,195
1111,Edo.Mex,196
1112,Edo.Mex,197
1113,Edo.Mex,198
1114,Edo.Mex,200
1124,Edo.Mex,216
1129,Edo.Mex,222
1130,Edo.Mex,223
1132,Edo.Mex,225
1133,Edo.Mex,226
1137,Edo.Mex,231
1139,Edo.Mex,233
1140,Edo.Mex,234
1142,Edo.Mex,236
1143,Edo.Mex,237
1145,Edo.Mex,239
1146,Edo.Mex,240
1147,Edo.Mex,241
1148,Edo.Mex,243
1149,Edo.Mex,244
1150,Edo.Mex,245
1151,Edo.Mex,246
1152,Edo.Mex,247
1153,Edo.Mex,248
1154,Edo.Mex,249
1155,Edo.Mex,250
1156,Edo.Mex,251
1160,Edo.Mex,255
1169,Edo.Mex,265
1172,Edo.Mex,268
1173,Edo.Mex,270
1174,Edo.Mex,271
1175,Edo.Mex,272
1176,Edo.Mex,275
1177,Edo.Mex,276
1178,Edo.Mex,278
1179,Edo.Mex,279
1181,Edo.Mex,283
1183,Edo.Mex,285
1184,Edo.Mex,286
1187,Edo.Mex,289
1189,Edo.Mex,291
1191,Estado de México,108
1192,Estado de México,110
1193,Estado de México,111
1194,Estado de México,159
1195,Estado de México,181
1205,Guanajuato,102
1212,Guanajuato,109
1220,Guanajuato,117
1223,Guanajuato,120
1224,Guanajuato,121
1225,Guanajuato,122
1227,Guanajuato,124
1228,Guanajuato,125
1231,Guanajuato,128
1236,Guanajuato,133
1237,Guanajuato,134
1238,Guanajuato,135
1239,Guanajuato,136
1240,Guanajuato,137
1241,Guanajuato,138
1242,Guanajuato,139
1243,Guanajuato,140
1244,Guanajuato,141
1245,Guanajuato,142
1246,Guanajuato,143
1247,Guanajuato,144
1248,Guanajuato,145
1249,Guanajuato,147
1250,Guanajuato,148
1251,Guanajuato,149
1258,Guanajuato,156
1259,Guanajuato,157
1262,Guanajuato,162
1263,Guanajuato,163
1264,Guanajuato,164
1269,Guanajuato,173
1271,Guanajuato,175
1272,Guanajuato,176
1280,Guanajuato,185
1282,Guanajuato,187
1283,Guanajuato,188
1284,Guanajuato,189
1285,Guanajuato,190
1286,Guanajuato,191
1287,Guanajuato,192
1296,Guanajuato,201
1297,Guanajuato,202
1298,Guanajuato,203
1299,Guanajuato,204
1300,Guanajuato,205
1301,Guanajuato,206
1303,Guanajuato,213
1304,Guanajuato,214
1306,Guanajuato,216
1308,Guanajuato,218
1309,Guanajuato,220
1310,Guanajuato,221
1311,Guanajuato,222
1312,Guanajuato,223
1313,Guanajuato,224
1314,Guanajuato,225
1315,Guanajuato,226
1316,Guanajuato,227
1318,Guanajuato,229
1320,Guanajuato,231
1322,Guanajuato,233
1323,Guanajuato,234
1324,Guanajuato,235
1325,Guanajuato,236
1326,Guanajuato,237
1327,Guanajuato,239
1328,Guanajuato,240
1329,Guanajuato,241
1330,Guanajuato,243
1331,Guanajuato,244
1332,Guanajuato,245
1333,Guanajuato,246
1334,Guanajuato,247
1335,Guanajuato,248
1336,Guanajuato,249
1337,Guanajuato,250
1338,Guanajuato,251
1339,Guanajuato,252
1340,Guanajuato,253
1342,Guanajuato,255
1343,Guanajuato,256
1344,Guanajuato,257
1346,Guanajuato,259
1350,Guanajuato,264
1351,Guanajuato,265
1352,Guanajuato,266
1354,Guanajuato,268
1355,Guanajuato,269
1356,Guanajuato,270
1357,Guanajuato,271
1358,Guanajuato,272
1359,Guanajuato,273
1360,Guanajuato,274
1361,Guanajuato,275
1362,Guanajuato,276
1363,Guanajuato,277
1364,Guanajuato,279
1365,Guanajuato,280
1366,Guanajuato,281
1367,Guanajuato,282
1372,Guanajuato,287
1373,Guanajuato,288
1374,Guanajuato,290
1375,Guanajuato,291
1377,Guerrero,95
1378,Guerrero,96
1379,Guerrero,97
1380,Guerrero,98
1381,Guerrero,100
1382,Guerrero,101
1383,Guerrero,102
1384,Guerrero,104
1385,Guerrero,107
1386,Guerrero,108
1387,Guerrero,109
1388,Guerrero,110
1389,Guerrero,111
1390,Guerrero,112
1391,Guerrero,113
1392,Guerrero,114
1393,Guerrero,115
1394,Guerrero,117
1395,Guerrero,119
1396,Guerrero,122
1397,Guerrero,127
1400,Guerrero,144
1401,Guerrero,145
1402,Guerrero,148
1403,Guerrero,149
1404,Guerrero,150
1405,Guerrero,152
1406,Guerrero,153
1407,Guerrero,154
1408,Guerrero,155
1409,Guerrero,160
1410,Guerrero,165
1411,Guerrero,171
1412,Guerrero,172
1413,Guerrero,174
1414,Guerrero,181
1416,Guerrero,183
1417,Guerrero,194
1418,Guerrero,195
1419,Guerrero,198
1420,Guerrero,202
1421,Guerrero,204
1422,Guerrero,205
1423,Guerrero,206
1424,Guerrero,211
1425,Guerrero,232
1426,Guerrero,235
1427,Guerrero,258
1428,Guerrero,259
1429,Guerrero,260
1430,Guerrero,262
1431,Guerrero,263
1432,Guerrero,267
1449,Hidalgo,109
1450,Hidalgo,110
1451,Hidalgo,111
1452,Hidalgo,112
1453,Hidalgo,113
1454,Hidalgo,114
1455,Hidalgo,115
1457,Hidalgo,117
1460,Hidalgo,121
1462,Hidalgo,123
1463,Hidalgo,126
1464,Hidalgo,127
1466,Hidalgo,130
1469,Hidalgo,134
1470,Hidalgo,135
1471,Hidalgo,137
1472,Hidalgo,138
1473,Hidalgo,139
1474,Hidalgo,140
1475,Hidalgo,141
1476,Hidalgo,142
1477,Hidalgo,143
1478,Hidalgo,144
1479,Hidalgo,145
1480,Hidalgo,147
1481,Hidalgo,148
1482,Hidalgo,149
1485,Hidalgo,152
1487,Hidalgo,154
1488,Hidalgo,155
1489,Hidalgo,156
1490,Hidalgo,157
1493,Hidalgo,162
1494,Hidalgo,163
1495,Hidalgo,164
1497,Hidalgo,169
1500,Hidalgo,173
1503,Hidalgo,176
1505,Hidalgo,178
1510,Hidalgo,183
1511,Hidalgo,186
1512,Hidalgo,187
1513,Hidalgo,188
1514,Hidalgo,189
1515,Hidalgo,190
1516,Hidalgo,191
1517,Hidalgo,192
1518,Hidalgo,193
1519,Hidalgo,194
1520,Hidalgo,195
1521,Hidalgo,196
1522,Hidalgo,197
1523,Hidalgo,198
1524,Hidalgo,199
1525,Hidalgo,200
1526,Hidalgo,201
1527,Hidalgo,202
1528,Hidalgo,203
1529,Hidalgo,204
1530,Hidalgo,205
1531,Hidalgo,206
1533,Hidalgo,213
1534,Hidalgo,214
1535,Hidalgo,215
1536,Hidalgo,216
1539,Hidalgo,220
1540,Hidalgo,221
1541,Hidalgo,222
1542,Hidalgo,224
1543,Hidalgo,225
1544,Hidalgo,226
1546,Hidalgo,229
1548,Hidalgo,231
1550,Hidalgo,233
1551,Hidalgo,234
1553,Hidalgo,236
1554,Hidalgo,238
1555,Hidalgo,241
1556,Hidalgo,245
1557,Hidalgo,246
1558,Hidalgo,247
1560,Hidalgo,250
1561,Hidalgo,251
1562,Hidalgo,252
1563,Hidalgo,253
1564,Hidalgo,254
1565,Hidalgo,255
1567,Hidalgo,257
1568,Hidalgo,258
1569,Hidalgo,259
1570,Hidalgo,260
1573,Hidalgo,264
1574,Hidalgo,265
1575,Hidalgo,266
1576,Hidalgo,267
1577,Hidalgo,268
1578,Hidalgo,269
1579,Hidalgo,271
1580,Hidalgo,279
1581,Hidalgo,281
1582,Hidalgo,283
1583,Hidalgo,284
1584,Hidalgo,285
1585,Hidalgo,286
1586,Hidalgo,287
1587,Hidalgo,290
1588,Hidalgo,291
1621,Jalisco,124
1622,Jalisco,125
1625,Jalisco,128
1633,Jalisco,136
1636,Jalisco,139
1638,Jalisco,141
1639,Jalisco,142
1675,Jalisco,185
1680,Jalisco,190
1681,Jalisco,191
1686,Jalisco,196
1687,Jalisco,197
1689,Jalisco,199
1691,Jalisco,201
1693,Jalisco,203
1698,Jalisco,213
1707,Jalisco,223
1709,Jalisco,225
1710,Jalisco,226
1711,Jalisco,227
1715,Jalisco,231
1717,Jalisco,233
1718,Jalisco,234
1720,Jalisco,236
1721,Jalisco,237
1722,Jalisco,238
1723,Jalisco,239
1724,Jalisco,240
1727,Jalisco,244
1728,Jalisco,245
1730,Jalisco,247
1731,Jalisco,248
1732,Jalisco,249
1733,Jalisco,250
1734,Jalisco,251
1735,Jalisco,252
1736,Jalisco,253
1738,Jalisco,255
1739,Jalisco,256
1748,Jalisco,266
1750,Jalisco,268
1751,Jalisco,269
1752,Jalisco,270
1754,Jalisco,272
1755,Jalisco,273
1756,Jalisco,274
1757,Jalisco,275
1758,Jalisco,276
1759,Jalisco,277
1760,Jalisco,279
1762,Jalisco,281
1763,Jalisco,282
1764,Jalisco,283
1765,Jalisco,284
1766,Jalisco,285
1767,Jalisco,286
1769,Jalisco,288
1770,Jalisco,289
1772,Jalisco,291
1774,Michoacán,93
1775,Michoacán,94
1778,Michoacán,97
1780,Michoacán,100
1783,Michoacán,103
1784,Michoacán,104
1785,Michoacán,105
1786,Michoacán,106
1787,Michoacán,107
1788,Michoacán,108
1789,Michoacán,109
1791,Michoacán,111
1795,Michoacán,115
1796,Michoacán,116
1797,Michoacán,117
1799,Michoacán,119
1800,Michoacán,120
1801,Michoacán,121
1802,Michoacán,122
1803,Michoacán,123
1804,Michoacán,125
1806,Michoacán,128
1807,Michoacán,129
1811,Michoacán,133
1812,Michoacán,134
1813,Michoacán,136
1814,Michoacán,137
1815,Michoacán,138
1816,Michoacán,139
1817,Michoacán,141
1818,Michoacán,142
1819,Michoacán,143
1821,Michoacán,145
1826,Michoacán,152
1830,Michoacán,156
1831,Michoacán,157
1832,Michoacán,159
1834,Michoacán,162
1835,Michoacán,163
1836,Michoacán,164
1837,Michoacán,165
1838,Michoacán,169
1839,Michoacán,171
1840,Michoacán,172
1841,Michoacán,173
1842,Michoacán,174
1843,Michoacán,175
1847,Michoacán,179
1848,Michoacán,180
1849,Michoacán,181
1850,Michoacán,182
1851,Michoacán,192
1852,Michoacán,193
1853,Michoacán,194
1854,Michoacán,195
1855,Michoacán,196
1856,Michoacán,197
1857,Michoacán,198
1858,Michoacán,199
1859,Michoacán,200
1862,Michoacán,205
1865,Michoacán,214
1866,Michoacán,215
1867,Michoacán,217
1868,Michoacán,220
1869,Michoacán,224
1870,Michoacán,228
1871,Michoacán,230
1873,Michoacán,235
1874,Michoacán,237
1875,Michoacán,249
1876,Michoacán,250
1877,Michoacán,253
1878,Michoacán,254
1879,Michoacán,256
1880,Michoacán,257
1881,Michoacán,258
1882,Michoacán,259
1883,Michoacán,260
1884,Michoacán,262
1887,Michoacán,267
1889,Michoacán,271
1890,Michoacán,277
1891,Michoacán,280
1892,Michoacán,281
1893,Michoacán,283
1896,Michoacán,286
1897,Michoacán,287
1898,Michoacán,291
1910,Morelos,104
1913,Morelos,107
1915,Morelos,109
1916,Morelos,110
1917,Morelos,111
1918,Morelos,112
1919,Morelos,113
1920,Morelos,114
1921,Morelos,115
1925,Morelos,121
1926,Morelos,122
1927,Morelos,123
1928,Morelos,135
1929,Morelos,136
1930,Morelos,137
1931,Morelos,138
1932,Morelos,140
1933,Morelos,142
1934,Morelos,143
1935,Morelos,144
1937,Morelos,147
1940,Morelos,150
1941,Morelos,151
1942,Morelos,152
1943,Morelos,153
1944,Morelos,154
1945,Morelos,155
1946,Morelos,156
1947,Morelos,159
1949,Morelos,163
1951,Morelos,169
1953,Morelos,172
1954,Morelos,173
1955,Morelos,174
1956,Morelos,177
1957,Morelos,178
1958,Morelos,179
1963,Morelos,192
1964,Morelos,193
1965,Morelos,194
1966,Morelos,197
1967,Morelos,198
1968,Morelos,200
1969,Morelos,202
1970,Morelos,204
1971,Morelos,205
1972,Morelos,206
1974,Morelos,214
1975,Morelos,221
1976,Morelos,229
1977,Morelos,230
1978,Morelos,231
1980,Morelos,235
1981,Morelos,237
1982,Morelos,238
1983,Morelos,246
1984,Morelos,247
1985,Morelos,252
1986,Morelos,256
1987,Morelos,257
1988,Morelos,258
1989,Morelos,259
1990,Morelos,260
1991,Morelos,262
1993,Morelos,265
1994,Morelos,267
1995,Morelos,271
1996,Morelos,280
1997,Morelos,287
1998,Nayarit,93
1999,Nayarit,94
2000,Nayarit,95
2001,Nayarit,96
2003,Nayarit,101
2004,Nayarit,102
2005,Nayarit,103
2006,Nayarit,104
2007,Nayarit,106
2008,Nayarit,107
2009,Nayarit,108
2010,Nayarit,109
2011,Nayarit,110
2012,Nayarit,111
2013,Nayarit,112
2014,Nayarit,113
2015,Nayarit,114
2016,Nayarit,118
2017,Nayarit,119
2019,Nayarit,160
2020,Nayarit,165
2021,Nayarit,169
2022,Nayarit,171
2023,Nayarit,175
2024,Nayarit,180
2025,Nayarit,181
2026,Nayarit,192
2027,Nayarit,193
2028,Nayarit,194
2029,Nayarit,211
2030,Nayarit,218
2032,Nayarit,232
2033,Nayarit,262
2034,Nayarit,264
2035,Nayarit,267
2036,Nuevo Lef3n,95
2037,Nuevo Lef3n,96
2038,Nuevo Lef3n,104
2039,Nuevo Lef3n,114
2040,Nuevo Lef3n,117
2041,Nuevo Lef3n,125
2042,Nuevo Lef3n,131
2043,Nuevo Lef3n,144
2044,Nuevo Lef3n,150
2045,Nuevo Lef3n,157
2046,Nuevo Lef3n,159
2047,Nuevo Lef3n,174
2048,Nuevo Lef3n,177
2049,Nuevo Lef3n,182
2050,Nuevo Lef3n,188
2051,Nuevo Lef3n,195
2052,Nuevo Lef3n,203
2053,Nuevo Lef3n,224
2054,Nuevo Lef3n,235
2055,Nuevo Lef3n,245
2056,Nuevo Lef3n,266
2057,Nuevo León,1
2058,Nuevo León,25
2059,Nuevo León,31
2060,Nuevo León,36
2088,Nuevo León,120
2092,Nuevo León,124
2093,Nuevo León,125
2095,Nuevo León,127
2096,Nuevo León,128
2101,Nuevo León,133
2102,Nuevo León,134
2103,Nuevo León,135
2104,Nuevo León,136
2107,Nuevo León,139
2108,Nuevo León,140
2109,Nuevo León,141
2110,Nuevo León,142
2112,Nuevo León,144
2114,Nuevo León,147
2115,Nuevo León,148
2118,Nuevo León,151
2119,Nuevo León,152
2121,Nuevo León,154
2137,Nuevo León,176
2138,Nuevo León,177
2146,Nuevo León,185
2147,Nuevo León,186
2148,Nuevo León,187
2149,Nuevo León,188
2150,Nuevo León,189
2151,Nuevo León,190
2152,Nuevo León,192
2153,Nuevo León,193
2155,Nuevo León,195
2156,Nuevo León,196
2157,Nuevo León,197
2158,Nuevo León,198
2159,Nuevo León,199
2160,Nuevo León,200
2161,Nuevo León,202
2162,Nuevo León,203
2163,Nuevo León,204
2166,Nuevo León,211
2167,Nuevo León,213
2168,Nuevo León,214
2169,Nuevo León,215
2172,Nuevo León,218
2173,Nuevo León,220
2174,Nuevo León,221
2175,Nuevo León,222
2176,Nuevo León,223
2177,Nuevo León,224
2178,Nuevo León,225
2179,Nuevo León,226
2181,Nuevo León,229
2183,Nuevo León,231
2185,Nuevo León,233
2186,Nuevo León,234
2188,Nuevo León,236
2189,Nuevo León,237
2190,Nuevo León,239
2191,Nuevo León,240
2192,Nuevo León,241
2193,Nuevo León,243
2194,Nuevo León,244
2195,Nuevo León,245
2196,Nuevo León,246
2197,Nuevo León,247
2198,Nuevo León,248
2199,Nuevo León,249
2200,Nuevo León,250
2201,Nuevo León,251
2203,Nuevo León,253
2205,Nuevo León,255
2208,Nuevo León,258
2213,Nuevo León,264
2214,Nuevo León,265
2216,Nuevo León,267
2217,Nuevo León,268
2218,Nuevo León,270
2219,Nuevo León,271
2220,Nuevo León,276
2221,Nuevo León,279
2223,Nuevo León,283
2224,Nuevo León,284
2225,Nuevo León,285
2226,Nuevo León,286
2227,Nuevo León,287
2228,Nuevo León,288
2229,Nuevo León,289
2230,Nuevo León,290
2231,Nuevo León,291
2233,Oaxaca,93
2234,Oaxaca,94
2236,Oaxaca,96
2237,Oaxaca,97
2238,Oaxaca,98
2239,Oaxaca,99
2240,Oaxaca,100
2241,Oaxaca,101
2242,Oaxaca,102
2243,Oaxaca,103
2244,Oaxaca,104
2245,Oaxaca,105
2246,Oaxaca,106
2247,Oaxaca,107
2249,Oaxaca,109
2250,Oaxaca,110
2251,Oaxaca,111
2252,Oaxaca,112
2253,Oaxaca,113
2254,Oaxaca,114
2255,Oaxaca,115
2256,Oaxaca,116
2257,Oaxaca,117
2258,Oaxaca,118
2259,Oaxaca,119
2260,Oaxaca,120
2261,Oaxaca,121
2262,Oaxaca,122
2263,Oaxaca,123
2264,Oaxaca,124
2265,Oaxaca,125
2266,Oaxaca,126
2267,Oaxaca,127
2268,Oaxaca,128
2269,Oaxaca,129
2270,Oaxaca,130
2271,Oaxaca,131
2272,Oaxaca,132
2273,Oaxaca,133
2274,Oaxaca,134
2275,Oaxaca,135
2276,Oaxaca,136
2277,Oaxaca,137
2278,Oaxaca,138
2279,Oaxaca,140
2280,Oaxaca,141
2281,Oaxaca,142
2282,Oaxaca,143
2283,Oaxaca,144
2284,Oaxaca,145
2285,Oaxaca,147
2286,Oaxaca,148
2287,Oaxaca,149
2288,Oaxaca,150
2289,Oaxaca,151
2290,Oaxaca,152
2291,Oaxaca,153
2292,Oaxaca,154
2293,Oaxaca,155
2294,Oaxaca,156
2295,Oaxaca,157
2296,Oaxaca,159
2298,Oaxaca,162
2299,Oaxaca,163
2300,Oaxaca,164
2301,Oaxaca,165
2302,Oaxaca,169
2303,Oaxaca,171
2304,Oaxaca,172
2305,Oaxaca,173
2306,Oaxaca,174
2307,Oaxaca,175
2308,Oaxaca,176
2309,Oaxaca,177
2310,Oaxaca,178
2311,Oaxaca,179
2313,Oaxaca,181
2314,Oaxaca,182
2315,Oaxaca,183
2316,Oaxaca,186
2317,Oaxaca,187
2318,Oaxaca,188
2319,Oaxaca,189
2320,Oaxaca,190
2321,Oaxaca,191
2322,Oaxaca,192
2323,Oaxaca,193
2324,Oaxaca,194
2325,Oaxaca,195
2326,Oaxaca,196
2327,Oaxaca,197
2328,Oaxaca,198
2329,Oaxaca,199
2330,Oaxaca,200
2331,Oaxaca,201
2332,Oaxaca,202
2333,Oaxaca,204
2334,Oaxaca,205
2335,Oaxaca,206
2336,Oaxaca,211
2337,Oaxaca,213
2338,Oaxaca,214
2339,Oaxaca,215
2340,Oaxaca,216
2341,Oaxaca,217
2342,Oaxaca,218
2343,Oaxaca,220
2344,Oaxaca,221
2345,Oaxaca,222
2346,Oaxaca,223
2347,Oaxaca,224
2348,Oaxaca,225
2349,Oaxaca,226
2350,Oaxaca,227
2351,Oaxaca,228
2352,Oaxaca,229
2353,Oaxaca,230
2354,Oaxaca,231
2355,Oaxaca,232
2356,Oaxaca,233
2357,Oaxaca,234
2358,Oaxaca,235
2359,Oaxaca,236
2360,Oaxaca,237
2361,Oaxaca,239
2362,Oaxaca,240
2363,Oaxaca,241
2364,Oaxaca,243
2365,Oaxaca,244
2366,Oaxaca,245
2367,Oaxaca,246
2368,Oaxaca,247
2369,Oaxaca,248
2370,Oaxaca,249
2371,Oaxaca,250
2372,Oaxaca,251
2373,Oaxaca,252
2374,Oaxaca,253
2375,Oaxaca,254
2376,Oaxaca,255
2377,Oaxaca,256
2378,Oaxaca,257
2379,Oaxaca,258
2380,Oaxaca,259
2381,Oaxaca,260
2382,Oaxaca,262
2383,Oaxaca,263
2384,Oaxaca,264
2385,Oaxaca,265
2386,Oaxaca,266
2387,Oaxaca,267
2388,Oaxaca,268
2389,Oaxaca,269
2390,Oaxaca,270
2391,Oaxaca,271
2392,Oaxaca,272
2393,Oaxaca,273
2394,Oaxaca,274
2395,Oaxaca,275
2396,Oaxaca,276
2397,Oaxaca,277
2398,Oaxaca,280
2399,Oaxaca,281
2400,Oaxaca,282
2401,Oaxaca,283
2402,Oaxaca,284
2403,Oaxaca,285
2404,Oaxaca,286
2405,Oaxaca,292
2422,Puebla,109
2424,Puebla,111
2425,Puebla,112
2426,Puebla,113
2427,Puebla,114
2429,Puebla,116
2433,Puebla,120
2434,Puebla,121
2436,Puebla,123
2437,Puebla,124
2438,Puebla,125
2439,Puebla,126
2440,Puebla,127
2441,Puebla,128
2442,Puebla,129
2446,Puebla,133
2447,Puebla,134
2449,Puebla,136
2450,Puebla,137
2452,Puebla,139
2453,Puebla,140
2454,Puebla,141
2456,Puebla,143
2457,Puebla,144
2458,Puebla,145
2459,Puebla,147
2460,Puebla,148
2464,Puebla,152
2466,Puebla,154
2468,Puebla,156
2469,Puebla,157
2473,Puebla,163
2474,Puebla,164
2478,Puebla,172
2479,Puebla,173
2480,Puebla,174
2484,Puebla,178
2491,Puebla,185
2492,Puebla,186
2493,Puebla,187
2494,Puebla,188
2495,Puebla,189
2496,Puebla,190
2497,Puebla,191
2498,Puebla,192
2499,Puebla,193
2500,Puebla,194
2501,Puebla,195
2502,Puebla,196
2503,Puebla,197
2504,Puebla,198
2505,Puebla,200
2506,Puebla,202
2507,Puebla,203
2508,Puebla,204
2509,Puebla,205
2510,Puebla,206
2512,Puebla,213
2513,Puebla,214
2515,Puebla,216
2517,Puebla,218
2518,Puebla,220
2519,Puebla,221
2520,Puebla,224
2521,Puebla,225
2522,Puebla,226
2524,Puebla,229
2526,Puebla,231
2529,Puebla,236
2530,Puebla,237
2531,Puebla,238
2532,Puebla,239
2533,Puebla,240
2534,Puebla,241
2535,Puebla,244
2536,Puebla,245
2537,Puebla,246
2538,Puebla,247
2539,Puebla,249
2541,Puebla,251
2542,Puebla,252
2543,Puebla,253
2544,Puebla,254
2545,Puebla,255
2548,Puebla,258
2550,Puebla,260
2554,Puebla,265
2555,Puebla,266
2557,Puebla,268
2559,Puebla,276
2560,Puebla,278
2561,Puebla,279
2563,Puebla,283
2564,Puebla,284
2565,Puebla,285
2566,Puebla,286
2568,Puebla,288
2569,Puebla,290
2570,Puebla,291
2572,Querétaro,1
2573,Querétaro,25
2574,Querétaro,31
2575,Querétaro,36
2607,Querétaro,124
2608,Querétaro,125
2616,Querétaro,133
2617,Querétaro,134
2619,Querétaro,136
2620,Querétaro,137
2622,Querétaro,139
2623,Querétaro,140
2624,Querétaro,141
2625,Querétaro,142
2629,Querétaro,147
2638,Querétaro,156
2639,Querétaro,157
2644,Querétaro,164
2670,Querétaro,195
2671,Querétaro,196
2674,Querétaro,199
2676,Querétaro,201
2678,Querétaro,203
2683,Querétaro,213
2686,Querétaro,216
2690,Querétaro,221
2691,Querétaro,222
2692,Querétaro,223
2693,Querétaro,224
2694,Querétaro,225
2695,Querétaro,226
2696,Querétaro,227
2698,Querétaro,229
2700,Querétaro,231
2702,Querétaro,233
2705,Querétaro,236
2706,Querétaro,237
2707,Querétaro,238
2708,Querétaro,239
2709,Querétaro,240
2711,Querétaro,243
2712,Querétaro,244
2713,Querétaro,245
2714,Querétaro,246
2715,Querétaro,247
2716,Querétaro,248
2717,Querétaro,249
2718,Querétaro,250
2721,Querétaro,253
2723,Querétaro,255
2735,Querétaro,268
2736,Querétaro,269
2737,Querétaro,270
2738,Querétaro,271
2739,Querétaro,272
2741,Querétaro,274
2742,Querétaro,275
2744,Querétaro,277
2745,Querétaro,278
2748,Querétaro,281
2749,Querétaro,282
2750,Querétaro,283
2751,Querétaro,284
2752,Querétaro,285
2753,Querétaro,286
2755,Querétaro,288
2756,Querétaro,289
2757,Querétaro,290
2760,Quintana Roo,93
2761,Quintana Roo,94
2762,Quintana Roo,95
2764,Quintana Roo,97
2765,Quintana Roo,98
2766,Quintana Roo,99
2767,Quintana Roo,100
2769,Quintana Roo,102
2770,Quintana Roo,103
2771,Quintana Roo,104
2772,Quintana Roo,105
2773,Quintana Roo,106
2776,Quintana Roo,109
2778,Quintana Roo,111
2779,Quintana Roo,112
2780,Quintana Roo,113
2783,Quintana Roo,116
2784,Quintana Roo,117
2786,Quintana Roo,119
2787,Quintana Roo,120
2788,Quintana Roo,121
2789,Quintana Roo,122
2790,Quintana Roo,123
2791,Quintana Roo,126
2793,Quintana Roo,129
2798,Quintana Roo,134
2799,Quintana Roo,135
2800,Quintana Roo,136
2801,Quintana Roo,138
2802,Quintana Roo,139
2803,Quintana Roo,140
2804,Quintana Roo,141
2805,Quintana Roo,142
2806,Quintana Roo,143
2807,Quintana Roo,144
2808,Quintana Roo,145
2809,Quintana Roo,147
2810,Quintana Roo,148
2811,Quintana Roo,149
2812,Quintana Roo,150
2813,Quintana Roo,151
2814,Quintana Roo,152
2815,Quintana Roo,153
2816,Quintana Roo,154
2817,Quintana Roo,155
2818,Quintana Roo,156
2819,Quintana Roo,159
2821,Quintana Roo,162
2822,Quintana Roo,163
2823,Quintana Roo,165
2825,Quintana Roo,171
2826,Quintana Roo,172
2827,Quintana Roo,173
2828,Quintana Roo,174
2829,Quintana Roo,175
2830,Quintana Roo,176
2831,Quintana Roo,177
2832,Quintana Roo,178
2833,Quintana Roo,179
2834,Quintana Roo,180
2837,Quintana Roo,183
2838,Quintana Roo,186
2839,Quintana Roo,187
2840,Quintana Roo,189
2841,Quintana Roo,192
2842,Quintana Roo,193
2843,Quintana Roo,194
2844,Quintana Roo,195
2845,Quintana Roo,197
2846,Quintana Roo,198
2847,Quintana Roo,203
2848,Quintana Roo,204
2849,Quintana Roo,205
2850,Quintana Roo,206
2851,Quintana Roo,211
2852,Quintana Roo,213
2853,Quintana Roo,214
2854,Quintana Roo,215
2855,Quintana Roo,216
2856,Quintana Roo,217
2857,Quintana Roo,218
2858,Quintana Roo,220
2859,Quintana Roo,221
2860,Quintana Roo,222
2861,Quintana Roo,224
2862,Quintana Roo,228
2863,Quintana Roo,229
2864,Quintana Roo,230
2865,Quintana Roo,231
2866,Quintana Roo,232
2867,Quintana Roo,235
2868,Quintana Roo,236
2869,Quintana Roo,237
2870,Quintana Roo,245
2871,Quintana Roo,246
2872,Quintana Roo,248
2873,Quintana Roo,251
2874,Quintana Roo,252
2875,Quintana Roo,254
2876,Quintana Roo,258
2877,Quintana Roo,259
2879,Quintana Roo,262
2880,Quintana Roo,263
2881,Quintana Roo,264
2882,Quintana Roo,265
2883,Quintana Roo,267
2884,Quintana Roo,283
2885,Quintana Roo,284
2886,Quintana Roo,285
2887,Quintana Roo,286
2911,San Luis Potosí,116
2915,San Luis Potosí,120
2921,San Luis Potosí,128
2922,San Luis Potosí,129
2926,San Luis Potosí,133
2927,San Luis Potosí,134
2928,San Luis Potosí,135
2929,San Luis Potosí,137
2930,San Luis Potosí,138
2931,San Luis Potosí,139
2932,San Luis Potosí,143
2933,San Luis Potosí,144
2934,San Luis Potosí,145
2935,San Luis Potosí,148
2936,San Luis Potosí,149
2941,San Luis Potosí,154
2945,San Luis Potosí,162
2952,San Luis Potosí,175
2953,San Luis Potosí,176
2954,San Luis Potosí,177
2955,San Luis Potosí,178
2956,San Luis Potosí,179
2960,San Luis Potosí,183
2961,San Luis Potosí,186
2962,San Luis Potosí,192
2963,San Luis Potosí,193
2964,San Luis Potosí,194
2965,San Luis Potosí,195
2966,San Luis Potosí,196
2967,San Luis Potosí,197
2968,San Luis Potosí,198
2969,San Luis Potosí,200
2970,San Luis Potosí,202
2974,San Luis Potosí,211
2975,San Luis Potosí,213
2976,San Luis Potosí,214
2977,San Luis Potosí,215
2978,San Luis Potosí,216
2979,San Luis Potosí,217
2980,San Luis Potosí,218
2981,San Luis Potosí,220
2982,San Luis Potosí,221
2983,San Luis Potosí,224
2984,San Luis Potosí,228
2985,San Luis Potosí,230
2987,San Luis Potosí,234
2988,San Luis Potosí,235
2989,San Luis Potosí,252
2996,San Luis Potosí,263
2998,San Luis Potosí,265
2999,San Luis Potosí,266
3001,San Luis Potosí,271
3002,San Luis Potosí,280
3003,San Luis Potosí,283
3004,San Luis Potosí,285
3005,San Luis Potosí,286
3009,Sinaloa,94
3010,Sinaloa,95
3013,Sinaloa,98
3014,Sinaloa,99
3016,Sinaloa,101
3017,Sinaloa,102
3018,Sinaloa,103
3019,Sinaloa,104
3021,Sinaloa,106
3022,Sinaloa,107
3023,Sinaloa,108
3024,Sinaloa,109
3025,Sinaloa,110
3026,Sinaloa,111
3027,Sinaloa,112
3028,Sinaloa,113
3029,Sinaloa,114
3030,Sinaloa,115
3031,Sinaloa,116
3032,Sinaloa,117
3033,Sinaloa,118
3034,Sinaloa,119
3035,Sinaloa,121
3036,Sinaloa,122
3037,Sinaloa,123
3038,Sinaloa,124
3039,Sinaloa,125
3040,Sinaloa,126
3041,Sinaloa,127
3042,Sinaloa,129
3043,Sinaloa,130
3044,Sinaloa,131
3046,Sinaloa,133
3047,Sinaloa,138
3048,Sinaloa,140
3049,Sinaloa,141
3050,Sinaloa,143
3051,Sinaloa,144
3052,Sinaloa,145
3053,Sinaloa,148
3054,Sinaloa,149
3055,Sinaloa,150
3057,Sinaloa,152
3058,Sinaloa,153
3059,Sinaloa,154
3060,Sinaloa,155
3061,Sinaloa,156
3062,Sinaloa,157
3063,Sinaloa,159
3064,Sinaloa,160
3065,Sinaloa,162
3066,Sinaloa,165
3067,Sinaloa,169
3068,Sinaloa,171
3069,Sinaloa,172
3070,Sinaloa,173
3071,Sinaloa,174
3072,Sinaloa,175
3073,Sinaloa,176
3074,Sinaloa,177
3075,Sinaloa,178
3076,Sinaloa,179
3077,Sinaloa,180
3080,Sinaloa,183
3081,Sinaloa,188
3082,Sinaloa,192
3083,Sinaloa,193
3084,Sinaloa,194
3085,Sinaloa,195
3086,Sinaloa,197
3087,Sinaloa,200
3088,Sinaloa,202
3089,Sinaloa,203
3090,Sinaloa,204
3091,Sinaloa,205
3092,Sinaloa,206
3093,Sinaloa,211
3094,Sinaloa,213
3095,Sinaloa,214
3096,Sinaloa,215
3097,Sinaloa,217
3098,Sinaloa,218
3099,Sinaloa,220
3100,Sinaloa,221
3101,Sinaloa,222
3102,Sinaloa,224
3103,Sinaloa,228
3104,Sinaloa,229
3105,Sinaloa,230
3106,Sinaloa,232
3107,Sinaloa,235
3108,Sinaloa,236
3109,Sinaloa,245
3110,Sinaloa,246
3111,Sinaloa,249
3112,Sinaloa,250
3113,Sinaloa,254
3114,Sinaloa,258
3115,Sinaloa,259
3116,Sinaloa,260
3117,Sinaloa,262
3118,Sinaloa,263
3119,Sinaloa,264
3120,Sinaloa,266
3121,Sinaloa,267
3122,Sinaloa,271
3123,Sinaloa,274
3124,Sinaloa,276
3125,Sinaloa,284
3126,Sinaloa,285
3127,Sinaloa,286
3128,Sonora,93
3129,Sonora,94
3130,Sonora,95
3132,Sonora,97
3133,Sonora,98
3134,Sonora,99
3135,Sonora,100
3137,Sonora,102
3138,Sonora,103
3140,Sonora,105
3141,Sonora,106
3142,Sonora,107
3143,Sonora,108
3144,Sonora,109
3145,Sonora,110
3146,Sonora,111
3147,Sonora,112
3148,Sonora,113
3149,Sonora,114
3150,Sonora,115
3151,Sonora,116
3152,Sonora,117
3153,Sonora,118
3154,Sonora,119
3155,Sonora,120
3156,Sonora,121
3157,Sonora,122
3158,Sonora,123
3159,Sonora,124
3160,Sonora,125
3161,Sonora,126
3162,Sonora,127
3163,Sonora,128
3164,Sonora,129
3165,Sonora,130
3166,Sonora,131
3167,Sonora,132
3168,Sonora,133
3169,Sonora,140
3170,Sonora,141
3171,Sonora,142
3172,Sonora,143
3173,Sonora,144
3174,Sonora,145
3175,Sonora,147
3176,Sonora,148
3177,Sonora,149
3178,Sonora,150
3179,Sonora,151
3180,Sonora,152
3181,Sonora,153
3182,Sonora,154
3183,Sonora,155
3184,Sonora,156
3185,Sonora,157
3188,Sonora,162
3189,Sonora,163
3190,Sonora,164
3192,Sonora,169
3193,Sonora,171
3194,Sonora,172
3195,Sonora,173
3196,Sonora,174
3197,Sonora,175
3198,Sonora,176
3199,Sonora,177
3200,Sonora,178
3201,Sonora,179
3203,Sonora,181
3204,Sonora,182
3205,Sonora,183
3206,Sonora,186
3207,Sonora,187
3208,Sonora,188
3209,Sonora,189
3210,Sonora,190
3211,Sonora,191
3212,Sonora,203
3213,Sonora,204
3214,Sonora,205
3215,Sonora,206
3216,Sonora,211
3217,Sonora,213
3218,Sonora,214
3219,Sonora,215
3220,Sonora,216
3221,Sonora,217
3222,Sonora,218
3223,Sonora,220
3224,Sonora,221
3225,Sonora,222
3226,Sonora,223
3227,Sonora,224
3228,Sonora,228
3229,Sonora,229
3230,Sonora,230
3231,Sonora,231
3232,Sonora,232
3233,Sonora,233
3234,Sonora,234
3235,Sonora,235
3236,Sonora,236
3237,Sonora,237
3238,Sonora,238
3239,Sonora,239
3240,Sonora,240
3241,Sonora,241
3242,Sonora,243
3243,Sonora,244
3244,Sonora,245
3245,Sonora,246
3246,Sonora,247
3247,Sonora,248
3248,Sonora,249
3249,Sonora,251
3250,Sonora,252
3251,Sonora,253
3252,Sonora,254
3253,Sonora,255
3254,Sonora,256
3255,Sonora,257
3256,Sonora,258
3257,Sonora,259
3258,Sonora,260
3259,Sonora,262
3260,Sonora,263
3261,Sonora,264
3262,Sonora,265
3263,Sonora,266
3264,Sonora,267
3265,Sonora,271
3266,Sonora,278
3267,Sonora,279
3268,Sonora,280
3269,Sonora,284
3270,Sonora,287
3271,Sonora,288
3272,Sonora,290
3273,Sonora,291
3274,Tabasco,93
3275,Tabasco,94
3278,Tabasco,97
3279,Tabasco,98
3280,Tabasco,100
3282,Tabasco,103
3284,Tabasco,105
3285,Tabasco,106
3286,Tabasco,107
3287,Tabasco,108
3288,Tabasco,109
3293,Tabasco,114
3294,Tabasco,115
3295,Tabasco,116
3296,Tabasco,117
3298,Tabasco,122
3299,Tabasco,123
3300,Tabasco,126
3301,Tabasco,127
3302,Tabasco,130
3303,Tabasco,131
3304,Tabasco,132
3305,Tabasco,134
3306,Tabasco,138
3307,Tabasco,140
3308,Tabasco,141
3309,Tabasco,142
3310,Tabasco,144
3311,Tabasco,147
3312,Tabasco,150
3313,Tabasco,152
3314,Tabasco,153
3315,Tabasco,155
3316,Tabasco,159
3318,Tabasco,162
3319,Tabasco,165
3320,Tabasco,169
3322,Tabasco,172
3324,Tabasco,175
3325,Tabasco,176
3326,Tabasco,177
3328,Tabasco,179
3330,Tabasco,181
3331,Tabasco,182
3332,Tabasco,183
3333,Tabasco,192
3334,Tabasco,193
3335,Tabasco,194
3336,Tabasco,195
3337,Tabasco,196
3338,Tabasco,197
3339,Tabasco,198
3340,Tabasco,199
3341,Tabasco,200
3342,Tabasco,202
3343,Tabasco,211
3344,Tabasco,215
3345,Tabasco,216
3346,Tabasco,217
3347,Tabasco,220
3348,Tabasco,222
3349,Tabasco,224
3350,Tabasco,228
3351,Tabasco,229
3352,Tabasco,230
3353,Tabasco,232
3354,Tabasco,239
3355,Tabasco,249
3356,Tabasco,250
3357,Tabasco,253
3358,Tabasco,259
3359,Tabasco,260
3360,Tabasco,262
3361,Tabasco,263
3363,Tamaulipas,93
3364,Tamaulipas,94
3365,Tamaulipas,95
3366,Tamaulipas,96
3367,Tamaulipas,97
3368,Tamaulipas,98
3369,Tamaulipas,99
3370,Tamaulipas,100
3371,Tamaulipas,101
3372,Tamaulipas,102
3373,Tamaulipas,103
3374,Tamaulipas,104
3376,Tamaulipas,106
3378,Tamaulipas,108
3379,Tamaulipas,109
3380,Tamaulipas,110
3381,Tamaulipas,111
3382,Tamaulipas,112
3383,Tamaulipas,113
3384,Tamaulipas,114
3385,Tamaulipas,115
3386,Tamaulipas,116
3387,Tamaulipas,117
3388,Tamaulipas,118
3389,Tamaulipas,119
3390,Tamaulipas,121
3391,Tamaulipas,122
3392,Tamaulipas,123
3393,Tamaulipas,125
3394,Tamaulipas,129
3395,Tamaulipas,130
3396,Tamaulipas,131
3397,Tamaulipas,142
3398,Tamaulipas,144
3399,Tamaulipas,145
3400,Tamaulipas,147
3401,Tamaulipas,148
3402,Tamaulipas,149
3403,Tamaulipas,150
3404,Tamaulipas,151
3405,Tamaulipas,152
3406,Tamaulipas,153
3407,Tamaulipas,154
3408,Tamaulipas,155
3409,Tamaulipas,156
3410,Tamaulipas,157
3411,Tamaulipas,159
3412,Tamaulipas,160
3413,Tamaulipas,163
3414,Tamaulipas,165
3415,Tamaulipas,169
3416,Tamaulipas,171
3417,Tamaulipas,172
3418,Tamaulipas,173
3419,Tamaulipas,174
3420,Tamaulipas,175
3421,Tamaulipas,176
3422,Tamaulipas,177
3423,Tamaulipas,179
3424,Tamaulipas,180
3425,Tamaulipas,181
3426,Tamaulipas,182
3427,Tamaulipas,183
3428,Tamaulipas,186
3429,Tamaulipas,188
3430,Tamaulipas,192
3431,Tamaulipas,193
3432,Tamaulipas,194
3433,Tamaulipas,195
3434,Tamaulipas,200
3435,Tamaulipas,202
3436,Tamaulipas,203
3437,Tamaulipas,204
3438,Tamaulipas,205
3439,Tamaulipas,206
3440,Tamaulipas,211
3441,Tamaulipas,213
3442,Tamaulipas,214
3443,Tamaulipas,216
3444,Tamaulipas,217
3445,Tamaulipas,218
3446,Tamaulipas,220
3447,Tamaulipas,224
3448,Tamaulipas,228
3449,Tamaulipas,229
3450,Tamaulipas,230
3451,Tamaulipas,231
3452,Tamaulipas,232
3453,Tamaulipas,235
3454,Tamaulipas,245
3455,Tamaulipas,256
3456,Tamaulipas,257
3457,Tamaulipas,258
3458,Tamaulipas,259
3459,Tamaulipas,262
3460,Tamaulipas,263
3461,Tamaulipas,265
3462,Tamaulipas,266
3463,Tamaulipas,267
3464,Tamaulipas,271
3465,Tamaulipas,280
3466,Tlaxcala,93
3467,Tlaxcala,94
3469,Tlaxcala,96
3470,Tlaxcala,97
3471,Tlaxcala,98
3472,Tlaxcala,100
3474,Tlaxcala,102
3475,Tlaxcala,103
3476,Tlaxcala,104
3480,Tlaxcala,112
3481,Tlaxcala,114
3482,Tlaxcala,115
3483,Tlaxcala,116
3484,Tlaxcala,117
3485,Tlaxcala,118
3486,Tlaxcala,119
3487,Tlaxcala,122
3488,Tlaxcala,123
3489,Tlaxcala,125
3490,Tlaxcala,131
3491,Tlaxcala,134
3492,Tlaxcala,135
3493,Tlaxcala,137
3494,Tlaxcala,138
3495,Tlaxcala,139
3497,Tlaxcala,145
3498,Tlaxcala,148
3505,Tlaxcala,156
3506,Tlaxcala,157
3507,Tlaxcala,159
3508,Tlaxcala,160
3509,Tlaxcala,163
3510,Tlaxcala,164
3512,Tlaxcala,169
3513,Tlaxcala,171
3514,Tlaxcala,172
3515,Tlaxcala,174
3516,Tlaxcala,177
3517,Tlaxcala,178
3518,Tlaxcala,179
3519,Tlaxcala,180
3520,Tlaxcala,181
3522,Tlaxcala,183
3523,Tlaxcala,186
3524,Tlaxcala,187
3525,Tlaxcala,188
3526,Tlaxcala,189
3527,Tlaxcala,190
3528,Tlaxcala,195
3529,Tlaxcala,203
3530,Tlaxcala,204
3531,Tlaxcala,206
3532,Tlaxcala,211
3533,Tlaxcala,214
3534,Tlaxcala,216
3535,Tlaxcala,221
3536,Tlaxcala,224
3537,Tlaxcala,230
3538,Tlaxcala,232
3539,Tlaxcala,235
3540,Tlaxcala,245
3541,Tlaxcala,251
3542,Tlaxcala,260
3544,Tlaxcala,266
3545,Tlaxcala,279
3546,Tlaxcala,287
3547,Veracruz,93
3548,Veracruz,94
3550,Veracruz,96
3551,Veracruz,97
3552,Veracruz,98
3553,Veracruz,99
3554,Veracruz,100
3556,Veracruz,102
3557,Veracruz,103
3558,Veracruz,104
3559,Veracruz,105
3560,Veracruz,106
3561,Veracruz,107
3562,Veracruz,108
3563,Veracruz,109
3564,Veracruz,110
3565,Veracruz,111
3566,Veracruz,112
3567,Veracruz,113
3568,Veracruz,114
3569,Veracruz,115
3570,Veracruz,116
3571,Veracruz,117
3572,Veracruz,118
3573,Veracruz,119
3574,Veracruz,121
3575,Veracruz,122
3576,Veracruz,123
3577,Veracruz,126
3579,Veracruz,128
3580,Veracruz,129
3584,Veracruz,133
3585,Veracruz,135
3586,Veracruz,136
3587,Veracruz,137
3588,Veracruz,140
3589,Veracruz,141
3590,Veracruz,142
3591,Veracruz,143
3592,Veracruz,144
3593,Veracruz,145
3594,Veracruz,147
3595,Veracruz,148
3596,Veracruz,149
3597,Veracruz,150
3598,Veracruz,151
3599,Veracruz,152
3600,Veracruz,153
3601,Veracruz,154
3602,Veracruz,155
3603,Veracruz,156
3604,Veracruz,157
3607,Veracruz,163
3608,Veracruz,164
3609,Veracruz,165
3610,Veracruz,169
3611,Veracruz,171
3612,Veracruz,172
3613,Veracruz,173
3614,Veracruz,174
3615,Veracruz,176
3616,Veracruz,177
3617,Veracruz,178
3618,Veracruz,179
3619,Veracruz,180
3620,Veracruz,181
3621,Veracruz,182
3622,Veracruz,183
3623,Veracruz,186
3624,Veracruz,192
3625,Veracruz,193
3626,Veracruz,194
3627,Veracruz,195
3628,Veracruz,197
3629,Veracruz,200
3630,Veracruz,202
3631,Veracruz,203
3632,Veracruz,204
3633,Veracruz,205
3634,Veracruz,206
3635,Veracruz,211
3636,Veracruz,214
3637,Veracruz,215
3638,Veracruz,218
3639,Veracruz,220
3640,Veracruz,221
3641,Veracruz,222
3642,Veracruz,224
3644,Veracruz,230
3645,Veracruz,231
3646,Veracruz,232
3647,Veracruz,235
3648,Veracruz,237
3649,Veracruz,238
3650,Veracruz,247
3651,Veracruz,249
3652,Veracruz,250
3653,Veracruz,252
3654,Veracruz,253
3655,Veracruz,254
3656,Veracruz,256
3657,Veracruz,257
3658,Veracruz,258
3659,Veracruz,259
3660,Veracruz,260
3661,Veracruz,262
3662,Veracruz,263
3663,Veracruz,264
3664,Veracruz,265
3665,Veracruz,267
3666,Veracruz,280
3667,Veracruz,284
3668,Veracruz,285
3669,Veracruz,287
3670,Veracruz,288
3671,Veracruz,289
3672,Veracruz,290
3673,Veracruz,291
3701,Yucatán,120
3704,Yucatán,123
3705,Yucatán,124
3706,Yucatán,125
3709,Yucatán,128
3710,Yucatán,129
3714,Yucatán,133
3715,Yucatán,134
3716,Yucatán,135
3717,Yucatán,136
3718,Yucatán,137
3719,Yucatán,138
3720,Yucatán,139
3721,Yucatán,140
3722,Yucatán,141
3723,Yucatán,142
3724,Yucatán,143
3725,Yucatán,144
3726,Yucatán,145
3727,Yucatán,147
3728,Yucatán,148
3729,Yucatán,149
3732,Yucatán,152
3736,Yucatán,156
3737,Yucatán,157
3741,Yucatán,163
3742,Yucatán,164
3748,Yucatán,174
3749,Yucatán,175
3750,Yucatán,176
3751,Yucatán,177
3758,Yucatán,186
3759,Yucatán,187
3760,Yucatán,188
3761,Yucatán,189
3762,Yucatán,190
3763,Yucatán,192
3764,Yucatán,193
3765,Yucatán,194
3766,Yucatán,195
3767,Yucatán,197
3768,Yucatán,198
3769,Yucatán,199
3770,Yucatán,200
3772,Yucatán,204
3773,Yucatán,205
3776,Yucatán,213
3777,Yucatán,214
3778,Yucatán,215
3779,Yucatán,216
3780,Yucatán,217
3782,Yucatán,220
3783,Yucatán,221
3784,Yucatán,222
3785,Yucatán,224
3787,Yucatán,228
3788,Yucatán,229
3790,Yucatán,231
3792,Yucatán,234
3793,Yucatán,235
3794,Yucatán,236
3795,Yucatán,241
3796,Yucatán,246
3797,Yucatán,249
3798,Yucatán,251
3799,Yucatán,252
3800,Yucatán,253
3802,Yucatán,255
3803,Yucatán,256
3804,Yucatán,257
3805,Yucatán,258
3810,Yucatán,264
3811,Yucatán,265
3812,Yucatán,266
3815,Yucatán,270
3816,Yucatán,271
3817,Yucatán,278
3818,Yucatán,280
3819,Yucatán,283
3820,Yucatán,284
3821,Yucatán,285
3822,Yucatán,287
3823,Yucatán,288
3824,Yucatán,289
3825,Yucatán,290
3826,Yucatán,291
3828,Zacatecas,93
3829,Zacatecas,94
3830,Zacatecas,95
3831,Zacatecas,96
3832,Zacatecas,97
3833,Zacatecas,99
3834,Zacatecas,100
3835,Zacatecas,101
3836,Zacatecas,102
3837,Zacatecas,103
3838,Zacatecas,104
3839,Zacatecas,105
3840,Zacatecas,106
3841,Zacatecas,107
3842,Zacatecas,108
3843,Zacatecas,109
3844,Zacatecas,110
3845,Zacatecas,111
3846,Zacatecas,112
3847,Zacatecas,113
3848,Zacatecas,114
3849,Zacatecas,115
3850,Zacatecas,118
3851,Zacatecas,122
3852,Zacatecas,129
3853,Zacatecas,131
3854,Zacatecas,133
3855,Zacatecas,144
3856,Zacatecas,145
3857,Zacatecas,147
3858,Zacatecas,148
3859,Zacatecas,149
3860,Zacatecas,150
3861,Zacatecas,151
3862,Zacatecas,152
3863,Zacatecas,153
3864,Zacatecas,154
3865,Zacatecas,155
3866,Zacatecas,156
3867,Zacatecas,160
3868,Zacatecas,163
3869,Zacatecas,164
3870,Zacatecas,165
3871,Zacatecas,169
3872,Zacatecas,171
3873,Zacatecas,172
3874,Zacatecas,174
3875,Zacatecas,179
3876,Zacatecas,181
3877,Zacatecas,182
3878,Zacatecas,183
3879,Zacatecas,186
3880,Zacatecas,187
3881,Zacatecas,188
3882,Zacatecas,189
3883,Zacatecas,190
3884,Zacatecas,192
3885,Zacatecas,193
3886,Zacatecas,200
3887,Zacatecas,202
3888,Zacatecas,204
3889,Zacatecas,205
3890,Zacatecas,206
3891,Zacatecas,211
3892,Zacatecas,232
3893,Zacatecas,251
3894,Zacatecas,258
3895,Zacatecas,259
3896,Zacatecas,262
3897,Zacatecas,263
3898,Zacatecas,267
3899,Zacatecas,288
